{"packages/cupertino_icons/assets/CupertinoIcons.ttf":["packages/cupertino_icons/assets/CupertinoIcons.ttf"],"images/avatar.jpg":["images/avatar.jpg"],"images/avatar_xiaozhang.jpg":["images/avatar_xiaozhang.jpg"],"images/ic_launcher.png":["images/ic_launcher.png"],"images/mage.jpg":["images/mage.jpg"],"images/portfolio_1.png":["images/portfolio_1.png"],"images/portfolio_2.png":["images/portfolio_2.png"],"images/portfolio_3.png":["images/portfolio_3.png"],"images/portfolio_4.png":["images/portfolio_4.png"],"images/profile_header_background.png":["images/profile_header_background.png"]}