{"packages/cupertino_icons/assets/CupertinoIcons.ttf":["packages/cupertino_icons/assets/CupertinoIcons.ttf"],"images/feed/city.png":["images/feed/city.png"],"images/feed/feed11-city1.png":["images/feed/feed11-city1.png"],"images/feed/feed11-city2.png":["images/feed/feed11-city2.png"],"images/feed/feed11-header.png":["images/feed/feed11-header.png"],"images/feed/feed12_header.png":["images/feed/feed12_header.png"],"images/feed/feed12_pic1.png":["images/feed/feed12_pic1.png"],"images/feed/feed12_pic2.png":["images/feed/feed12_pic2.png"],"images/feed/feed12_plus.png":["images/feed/feed12_plus.png"],"images/feed/feed13_header1.png":["images/feed/feed13_header1.png"],"images/feed/feed13_header2.png":["images/feed/feed13_header2.png"],"images/feed/feed13_header3.png":["images/feed/feed13_header3.png"],"images/feed/feed13_pic1.png":["images/feed/feed13_pic1.png"],"images/feed/feed13_pic2.png":["images/feed/feed13_pic2.png"],"images/feed/feed13_pic3.png":["images/feed/feed13_pic3.png"],"images/feed/feed13_pic4.png":["images/feed/feed13_pic4.png"],"images/feed/feed1_avatar1.png":["images/feed/feed1_avatar1.png"],"images/feed/feed1_avatar2.png":["images/feed/feed1_avatar2.png"],"images/feed/feed2_avatar2.png":["images/feed/feed2_avatar2.png"],"images/feed/feed2_image1.png":["images/feed/feed2_image1.png"],"images/feed/feed2_image2.png":["images/feed/feed2_image2.png"],"images/feed/feed_add.png":["images/feed/feed_add.png"],"images/feed/feed_more.png":["images/feed/feed_more.png"],"images/feed/feed_pic5_01.jpg":["images/feed/feed_pic5_01.jpg"],"images/feed/feed_search.png":["images/feed/feed_search.png"],"images/feed/heart.png":["images/feed/heart.png"],"images/feed/ic_launcher.png":["images/feed/ic_launcher.png"],"images/profile/ic_launcher.png":["images/profile/ic_launcher.png"],"images/profile/icon_heart.png":["images/profile/icon_heart.png"],"images/profile/icon_home.png":["images/profile/icon_home.png"],"images/profile/icon_stats.png":["images/profile/icon_stats.png"],"images/feed/landscape.png":["images/feed/landscape.png"],"images/feed/menonglass.png":["images/feed/menonglass.png"],"images/feed/night.png":["images/feed/night.png"],"images/profile/profile_add.png":["images/profile/profile_add.png"],"images/profile/profile_arrow_left.png":["images/profile/profile_arrow_left.png"],"images/profile/profile_avatar.png":["images/profile/profile_avatar.png"],"images/profile/profile_follow.png":["images/profile/profile_follow.png"],"images/profile/profile_landscape.png":["images/profile/profile_landscape.png"],"images/profile/profile_photos_01.png":["images/profile/profile_photos_01.png"],"images/profile/profile_photos_02.png":["images/profile/profile_photos_02.png"],"images/profile/profile_photos_03.png":["images/profile/profile_photos_03.png"],"images/profile/profile_photos_04.png":["images/profile/profile_photos_04.png"],"images/profile/profile_photos_05.png":["images/profile/profile_photos_05.png"],"images/profile/profile_photos_06.png":["images/profile/profile_photos_06.png"],"images/profile/profile_photos_07.png":["images/profile/profile_photos_07.png"],"images/feed/shop_river.png":["images/feed/shop_river.png"],"images/feed/white_background.png":["images/feed/white_background.png"]}