{"packages/cupertino_icons/assets/CupertinoIcons.ttf":["packages/cupertino_icons/assets/CupertinoIcons.ttf"],"images/avatar.jpg":["images/avatar.jpg"],"images/avatar_xiaozhang.jpg":["images/avatar_xiaozhang.jpg"],"images/feed/city.png":["images/feed/city.png"],"images/feed/feed11-city1.png":["images/feed/feed11-city1.png"],"images/feed/feed11-city2.png":["images/feed/feed11-city2.png"],"images/feed/feed11-header.png":["images/feed/feed11-header.png"],"images/feed/feed12_header.png":["images/feed/feed12_header.png"],"images/feed/feed12_pic1.png":["images/feed/feed12_pic1.png"],"images/feed/feed12_pic2.png":["images/feed/feed12_pic2.png"],"images/feed/feed12_plus.png":["images/feed/feed12_plus.png"],"images/feed/feed13_header1.png":["images/feed/feed13_header1.png"],"images/feed/feed13_header2.png":["images/feed/feed13_header2.png"],"images/feed/feed13_header3.png":["images/feed/feed13_header3.png"],"images/feed/feed13_pic1.png":["images/feed/feed13_pic1.png"],"images/feed/feed13_pic2.png":["images/feed/feed13_pic2.png"],"images/feed/feed13_pic3.png":["images/feed/feed13_pic3.png"],"images/feed/feed13_pic4.png":["images/feed/feed13_pic4.png"],"images/feed/feed1_avatar1.png":["images/feed/feed1_avatar1.png"],"images/feed/feed1_avatar2.png":["images/feed/feed1_avatar2.png"],"images/feed/feed2_avatar2.png":["images/feed/feed2_avatar2.png"],"images/feed/feed2_image1.png":["images/feed/feed2_image1.png"],"images/feed/feed2_image2.png":["images/feed/feed2_image2.png"],"images/feed/feed_add.png":["images/feed/feed_add.png"],"images/feed/feed_more.png":["images/feed/feed_more.png"],"images/feed/feed_pic3_01.jpg":["images/feed/feed_pic3_01.jpg"],"images/feed/feed_pic3_02.jpg":["images/feed/feed_pic3_02.jpg"],"images/feed/feed_pic3_03.jpg":["images/feed/feed_pic3_03.jpg"],"images/feed/feed_pic3_header_01.jpg":["images/feed/feed_pic3_header_01.jpg"],"images/feed/feed_pic3_header_02.jpg":["images/feed/feed_pic3_header_02.jpg"],"images/feed/feed_pic3_header_03.jpg":["images/feed/feed_pic3_header_03.jpg"],"images/feed/feed_pic3_left.jpg":["images/feed/feed_pic3_left.jpg"],"images/feed/feed_pic5_01.jpg":["images/feed/feed_pic5_01.jpg"],"images/feed/feed_search.png":["images/feed/feed_search.png"],"images/feed/heart.png":["images/feed/heart.png"],"images/feed/ic_launcher.png":["images/feed/ic_launcher.png"],"images/ic_launcher.png":["images/ic_launcher.png","images/feed/ic_launcher.png"],"images/feed/landscape.png":["images/feed/landscape.png"],"packages/flutter_markdown/assets/logo.png":["packages/flutter_markdown/assets/logo.png"],"images/mage.jpg":["images/mage.jpg"],"images/feed/menonglass.png":["images/feed/menonglass.png"],"images/feed/night.png":["images/feed/night.png"],"images/portfolio_1.png":["images/portfolio_1.png"],"images/portfolio_2.png":["images/portfolio_2.png"],"images/portfolio_3.png":["images/portfolio_3.png"],"images/portfolio_4.png":["images/portfolio_4.png"],"images/profile_header_background.png":["images/profile_header_background.png"],"images/feed/shop_river.png":["images/feed/shop_river.png"],"images/feed/white_background.png":["images/feed/white_background.png"]}