{"images/01.jpg":["images/01.jpg"],"images/02.jpg":["images/02.jpg"],"packages/cupertino_icons/assets/CupertinoIcons.ttf":["packages/cupertino_icons/assets/CupertinoIcons.ttf"],"fonts/montserrat/Montserrat-Bold.ttf":["fonts/montserrat/Montserrat-Bold.ttf"],"fonts/montserrat/Montserrat-Italic.ttf":["fonts/montserrat/Montserrat-Italic.ttf"],"fonts/montserrat/Montserrat-Light.ttf":["fonts/montserrat/Montserrat-Light.ttf"],"fonts/montserrat/Montserrat-Medium.ttf":["fonts/montserrat/Montserrat-Medium.ttf"],"fonts/montserrat/Montserrat-Regular.ttf":["fonts/montserrat/Montserrat-Regular.ttf"],"fonts/montserrat/Montserrat-SemiBold.ttf":["fonts/montserrat/Montserrat-SemiBold.ttf"],"images/android_ac.png":["images/android_ac.png"],"images/android_audio_ac.png":["images/android_audio_ac.png"],"images/avatar.jpg":["images/avatar.jpg"],"images/avatar_xiaozhang.jpg":["images/avatar_xiaozhang.jpg"],"images/gmail.png":["images/gmail.png"],"images/ibaozi.png":["images/ibaozi.png"],"images/ic_dribbble.png":["images/ic_dribbble.png"],"images/ic_evernote.png":["images/ic_evernote.png"],"images/ic_google.png":["images/ic_google.png"],"images/ic_linkedIn.png":["images/ic_linkedIn.png"],"images/ic_twitter.png":["images/ic_twitter.png"],"fonts/icons.ttf":["fonts/icons.ttf"],"images/jianshu.png":["images/jianshu.png"],"packages/flutter_markdown/assets/logo.png":["packages/flutter_markdown/assets/logo.png"],"images/mage.jpg":["images/mage.jpg"],"images/programer.gif":["images/programer.gif"],"images/tx.png":["images/tx.png"],"images/weixin.png":["images/weixin.png"]}