[{"family":"MaterialIcons","fonts":[{"asset":"fonts/MaterialIcons-Regular.ttf"}]},{"family":"Montserrat","fonts":[{"asset":"fonts/montserrat/Montserrat-Regular.ttf"},{"weight":400,"asset":"fonts/montserrat/Montserrat-Medium.ttf"},{"style":"italic","asset":"fonts/montserrat/Montserrat-Italic.ttf"},{"weight":200,"asset":"fonts/montserrat/Montserrat-Light.ttf"},{"weight":500,"asset":"fonts/montserrat/Montserrat-SemiBold.ttf"},{"weight":700,"asset":"fonts/montserrat/Montserrat-Bold.ttf"}]},{"family":"Icons","fonts":[{"asset":"fonts/icons.ttf"}]},{"family":"packages/cupertino_icons/CupertinoIcons","fonts":[{"asset":"packages/cupertino_icons/assets/CupertinoIcons.ttf"}]}]